iter	Logloss
0	0.656487392
1	0.6440452989
2	0.6399237138
3	0.638022031
4	0.6367026802
5	0.6356376339
6	0.6343581373
7	0.6341868171
8	0.6332260514
9	0.6328590711
